shot_id,voiceover,duration_sec_estimate,argument_role,material_type,visual_job,asset_folder,primary_visual_targets
001,过去60年，全球芯片行业都信奉一个规律：摩尔定律。,5,opening_old_rule,exact_entity,用Gordon Moore/摩尔定律真实视频建立旧规则的权威感。,02_assets/shot_001_摩尔定律_GordonMoore_视频,Gordon Moore访谈；Moore's Law官方解释视频；科技史馆/英特尔摩尔定律视频
002,什么叫摩尔定律？简单说，就是芯片越做越小，晶体管越塞越多，性能越来越强。,7,definition,process,把抽象定义变成可见画面：镜头进入芯片内部，看见微缩和晶体管密度。,02_assets/shot_002_芯片缩小_晶体管_性能,microchip zoom-in video；transistor microscopic visualization；semiconductor die close-up
003,过去，美国主导半导体规则，靠的就是这套逻辑：谁能把制程做得更先进，谁就能掌握更强的芯片生产力。,9,rule_maker,policy_plus_industry,从技术解释转向产业规则：美国用CHIPS法案等政策把先进制程变成产业主导权。,02_assets/shot_003_美国主导半导体规则_CHIPS法案,White House CHIPS Act speech；CHIPS and Science Act remarks；US semiconductor manufacturing speech
004,所以，全世界都在卷：7nm、5nm、3nm，甚至2nm。,5,global_race,process,让观众看到先进制程竞争是晶体管尺度和制造能力的极限竞赛。,02_assets/shot_004_先进制程_5纳米晶体管,5nm transistor video；2nm semiconductor official video；wafer fab production line；EUV lithography in fab
005,但问题是，这条路越来越贵，也越来越难。,5,cost_pressure,process,用EUV光刻机和复杂设备表达先进制程背后的成本、难度和工程门槛。,02_assets/shot_005_纳米制程_EUV_光刻,ASML EUV lithography machine official video；EUV optical system animation；cleanroom engineers operating lithography tools
006,先进制程背后，不只是技术问题，更是光刻机、EDA、材料、晶圆制造、产业链协同的系统性封锁。,10,system_blockade,system_evidence,从单点技术扩展到半导体产业链系统：工具、软件、材料、制造和协同都被纳入规则。,02_assets/shot_006_光刻_EDA_晶圆_产业链封锁,US Commerce semiconductor manufacturing speech；ASML EUV machine；EDA chip design software engineer；silicon wafer manufacturing；semiconductor supply chain footage
007,美国为什么能卡中国芯片？因为它卡的不是某一个点，而是一整套规则。,8,conflict_explanation,policy,用政策讲话、供应链峰会、国会资金讨论等画面表达‘一整套规则’。,02_assets/shot_007_美国卡中国芯片_规则封锁,US Commerce semiconductor speech；White House semiconductor supply chain summit；Congressional chip funding speech；BIS/export-control briefing
008,但今天，华为开始做一件非常关键的事：不再完全沿着美国定义的先进制程路线往下卷。,8,turning_point,company_identity,画面从美国规则切到华为实体：园区、研发、技术场景，表现主角开始换路线。,02_assets/shot_008_华为_松山湖园区_公司新路线,Huawei campus aerial footage；Huawei Songshan Lake campus video；Huawei factory/technology park official video；Huawei lab or R&D footage
009,而是提出一条新的思路：韬定律。,5,conclusion_new_logic,exact_entity_or_architecture,直接落到韬定律和何庭波发布/访谈语境，表达从几何缩微转向时间缩微的新思路。,02_assets/shot_009_韬定律_何庭波_发布访谈,华为韬定律发布/解释视频；何庭波韬定律访谈视频；华为官方技术发布会；逻辑折叠/时间缩微解释素材
